full_name, prefix, fname, mname, lname, suffix
Aaron Joshua Sobaski, , , , , 
Aaron Mark Muranaka, , , , , 
Aaron Robert Lubeley, , , , , 
Aaron Shawn Thompson, , , , , 
Abigail Delany May, , , , , 
Adam Ben Rosenblum, , , , , 
Adam Dane Wilson, , , , , 
Adam Gregory Hester, , , , , 
Adam Joseph Karr, , , , , 
Adam Keva Miller, , , , , 
Adam Matthew Miller, , , , , 
Adam Ross Pearlman, , , , , 
Adam Troy Alt, , , , , 
Adrian Kwan, , Adrian, , Kwan, 
Afia Konadu Asamoah, , , , , 
Afshin Mozaffari, , Afshin, , Mozaffari, 
Afshin Tadayon, , Afshin, , Tadayon, 
Alaric F. Stein, , Alaric, F., Stein, 
Alexander Joshua Zeesman, , , , , 
Alexander Michael Merchant, , , , , 
Alfred McClure Clark III, , , , , 
Alice Daniel, , Alice, , Daniel, 
Alice Proskauer Arnold, , , , , 
Alicia Marie Harrison, , , , , 
Alisha Drew Heilman, , , , , 
Alison Altman Gross, , , , , 
Alison Brosnan Merino, , , , , 
Allan L. Galbraith, , Allan, L., Galbraith, 
Allan Olson Walsh, , , , , 
Allen M Stewart, , Allen, M, Stewart, 
Amanda Detweiler Lovelace, , , , , 
Amanda Lynn McDermott, , , , , 
Amanda Macy Lorenz, , , , , 
Ameet Singh Birring, , , , , 
Amy Beth Lawrence, , , , , 
Amy Beth Ortner, , , , , 
Amy Christine Johnsgard, , , , , 
Amy Elizabeth Tabor, , , , , 
Amy Jean Laurendeau, , , , , 
Amy Lauren Siegel, , , , , 
Amy Louise McEvoy, , , , , 
Amy Michelle Kramer, , , , , 
Anand Singh, , Anand, , Singh, 
Andrea Logue Jaramillo, , , , , 
Andrea Lynn Mays, , , , , 
Andrew Chunghun Jhun, , , , , 
Andrew David Elias, , , , , 
Andrew Foster Halaby, , , , , 
Andrew Harris Goodman, , , , , 
Andrew Jay Velcoff, , , , , 
Andrew John Contiguglia, , , , , 
Andrew Jonathan Breitman, , , , , 
Andrew Nicholas Klein, , , , , 
Andrew Scott Dolak, , , , , 
Andrew Todd Frisch, , , , , 
Andrew W. Gilliland, , Andrew, W., Gilliland, 
Angel Lomeli Saenz, , , , , 
Angela E. Kleine, , Angela, E., Kleine, 
Angela Mia Veronese, , , , , 
Angelica J. Anguiano-Franco, , Angelica, J., Anguiano-Franco, 
Angelina Maria Plumtree, , , , , 
Angelle Kareen Wertz, , , , , 
Anita Vasudevan, , Anita, , Vasudevan, 
Ann Elizabeth Kinsey, , , , , 
Ann Ellyn Kolber, , , , , 
Ann Jean Clayton, , , , , 
Ann Marie Morris, , , , , 
Anne Tilbrook Shelton, , , , , 
Anthony Ciasulli, , Anthony, , Ciasulli, 
Anthony E. Dejager, , Anthony, E., Dejager, 
Anthony Garcia Edwards, , , , , 
Anthony J Webb, , Anthony, J, Webb, 
Anthony Lawrence Ranken, , , , , 
Anthony Michael Barnes, , , , , 
Anthony Ryan Morrow, , , , , 
Anthony Wen Lai, , , , , 
April M. Lavigne, , April, M., Lavigne, 
Arlette Argyris, , Arlette, , Argyris, 
Arturo Angel Burga, , , , , 
Ashley Albertoni, , Ashley, , Albertoni, 
Ashley Ann Frazier, , , , , 
Ashley Lynn Tate, , , , , 
Assaf Lichtash, , Assaf, , Lichtash, 
Atif Imran Azher, , , , , 
Austin Weirong Zhang, , , , , 
Autumn Evenstar Luna, , , , , 
Ayal Bainvoll, , Ayal, , Bainvoll, 
Ayesha Minhaj, , Ayesha, , Minhaj, 
Banyan Parker, , Banyan, , Parker, 
Bao Thuc Nguyen, , , , , 
Barbara Ashley Phillips, , , , , 
Barbara Ellen Mason, , , , , 
Barry Allen Brooks, , , , , 
Barry Lee Burten, , , , , 
Barry V. Freeman, , Barry, V., Freeman, 
Benjamin Adams Hance, , , , , 
Benjamin B. Vick, , Benjamin, B., Vick, 
Bennett Jay Fidlow, , , , , 
Bernard G. LeBeau III, , Bernard, G., LeBeau, III
Beth Prieve Gordie, , , , , 
Betsy J. Brazy, , Betsy, J., Brazy, 
Billie Elaine Crocker, , , , , 
Billy C. Washam, , Billy, C., Washam, 
Blair R Jackson, , Blair, R, Jackson, 
Blake Powell Bostwick, , , , , 
Bo Shachar Koenig, , , , , 
Bradley Aaron Levin, , , , , 
Bradley Stephen Sandler, , , , , 
Brenda Powers Barnes, , , , , 
Brendan M Kelly, , Brendan, M, Kelly, 
Brent Edward Horstman, , , , , 
Brent Einar Johnson, , , , , 
Brett Aaron Barrett, , , , , 
Brett Johnston Williamson, , , , , 
Brett Patrick Ralston, , , , , 
Brett T. Bunnell, , Brett, T., Bunnell, 
Brian Alan Bishop, , , , , 
Brian Anthony Kelly, , , , , 
Brian Charles Riopelle, , , , , 
Brian Donald McDonnell, , , , , 
Brian James Breiter, , , , , 
Brian Joseph Lockwood, , , , , 
Brian Michael Pratt, , , , , 
Bruce Buchanan, , Bruce, , Buchanan, 
Bruce Charles Atkins, , , , , 
Bruce Peter Jeffer, , , , , 
Bruce Stanly Silverman, , , , , 
Bryan Edward Powell, , , , , 
Caleb Jon Langsdale, , , , , 
Camille Annette Olson, , , , , 
Cara L Jenkins, , Cara, L, Jenkins, 
Carl A Grubb, , Carl, A, Grubb, 
Carl Mason Franklin, , , , , 
Carol A. Wyzinski, , Carol, A., Wyzinski, 
Carolyn Annette Makupson, , , , , 
Carrie Marie Francis, , , , , 
Casey Michael Schulte, , , , , 
Cassandra A. Franco, , Cassandra, A., Franco, 
Catherine Rose Lombardo, , , , , 
Charles Andersen, , Charles, , Andersen, 
Charles Anthony Piccuta, , , , , 
Charles C Morrison, , Charles, C, Morrison, 
Charles C. Morrison Jr, , Charles, C., Morrison, Jr
Charles David Brown, , , , , 
Charles Edward Andersen, , , , , 
Charles Gordon Douglas, , , , , 
Charles Michael Weber, , , , , 
Charles Noel Douglas, , , , , 
Charles Norwood Henry, , , , , 
Charles Robert Cox, , , , , 
Charles Robert Whitworth, , , , , 
Charles T. Byrd, , Charles, T., Byrd, 
Charles Thomas Cox, , , , , 
Charles W. Herf, , Charles, W., Herf, 
Chelsea Morris Childs, , , , , 
Chris Kuczynski, , Chris, , Kuczynski, 
Christa Leigh Riggins, , , , , 
Christina L. Walker, , Christina, L., Walker, 
Christina Marie Adames, , , , , 
Christina Melissa Craige, , , , , 
Christine J. Haw, , Christine, J., Haw, 
Christine Marie Morgan, , , , , 
Christopher Anthony Lamiero, , , , , 
Christopher Atkinson Skelton, , , , , 
Christopher Burgess Kende, , , , , 
Christopher Charles Frost, , , , , 
Christopher Dale Burk, , , , , 
Christopher Dale James, , , , , 
Christopher Earl Hale, , , , , 
Christopher Glenn Beckom, , , , , 
Christopher John Banks, , , , , 
Christopher John Hurley, , , , , 
Christopher M Cave, , Christopher, M, Cave, 
Christopher Murray Moody, , , , , 
Christopher Norfolk Baxter, , , , , 
Christopher Randall Creech, , , , , 
Christopher Ryan Kinnon, , , , , 
Christopher Staton Spicer, , , , , 
Christopher Walter James, , , , , 
Christopher William Keegan, , , , , 
Clark R. Calhoun, , Clark, R., Calhoun, 
Clayton Corwin Patrick, , , , , 
Clem G Turner, , Clem, G, Turner, 
Cody Matthew Nesper, , , , , 
Colby A. Campbell, , Colby, A., Campbell, 
Colette Marie Cameron, , , , , 
Connie Marie Parker, , , , , 
Constantinos Gus Fountas, , , , , 
Courtney Anne Davis, , , , , 
Craig Bennett Friedberg, , , , , 
Craig Carley Marchiando, , , , , 
Craig Edward Young, , , , , 
Craig M. Murphy, , Craig, M., Murphy, 
Craig Warren Armstrong, , , , , 
Crista Marie Haynes, , , , , 
Cynthia Lynn Filla, , , , , 
Cynthia Ream Phillips, , , , , 
Dan Boakye Agyeman, , , , , 
Dan Levi Bagatell, , , , , 
Dana R. Wares, , Dana, R., Wares, 
Dana Rae Gross, , , , , 
Dane Christian Wenthur, , , , , 
Daniel Alex Andrist, , , , , 
Daniel Allen Kinsbursky, , , , , 
Daniel Benitez, , Daniel, , Benitez, 
Daniel Craig Lowe, , , , , 
Daniel David Hollingsworth, , , , , 
Daniel James Ford Jr, , , , , 
Daniel Jay Bussel, , , , , 
Daniel John Tatick, , , , , 
Daniel Lee Fiedler, , , , , 
Daniel Leigh Schwartz, , , , , 
Daniel M. Petrocelli, , Daniel, M., Petrocelli, 
Daniel Michael Carson, , , , , 
Daniel Paul Bane, , , , , 
Daniel R. Mayer, , Daniel, R., Mayer, 
Daniel Stephen Mark, , , , , 
Danny Cochetas, , Danny, , Cochetas, 
Danny Lee Caudill, , , , , 
Daren Matthew Orzechowski, , , , , 
Darius Adam Marzec, , , , , 
Dariush Ghaffar Adli, , , , , 
Darren E Nadel, , Darren, E, Nadel, 
Darryl Lee Snider, , , , , 
David Allen Grabhorn, , , , , 
David Allen Holden, , , , , 
David Arthur Carpenter, , , , , 
David B. Roseman, , David, B., Roseman, 
David Brian Murphy, , , , , 
David Charles Louden, , , , , 
David Chisu Kung, , , , , 
David Dewart Brisco, , , , , 
David Dmitry Kremenetsky, , , , , 
David Earl Adkins, , , , , 
David Estel Allen Jr, , , , , 
David Gaston Luther Jr, , , , , 
David Glen Peinsipp, , , , , 
David Isaac Gindler, , , , , 
David J Molton, , David, J, Molton, 
David J. Bennion, , David, J., Bennion, 
David J. Hinkle, , David, J., Hinkle, 
David James Soltes, , , , , 
David Jeffrey Katz, , , , , 
David L. McKenzie, , David, L., McKenzie, 
David Lavi, , David, , Lavi, 
David Marc Stern, , , , , 
David Michael Gruen, , , , , 
David Noel Beaver, , , , , 
David Paul Carpenter, , , , , 
David Raymond Mugridge, , , , , 
David Raymond Walker, , , , , 
David Richard Woodward, , , , , 
David S Vogel, , David, S, Vogel, 
David Todd Mittelman, , , , , 
David Webster Anderson, , , , , 
David William Iverson, , , , , 
David Yau-Tian Hwu, , , , , 
Dawn Noelle Becker, , , , , 
Deanna Lisa Ballesteros, , , , , 
Deborah Chen Keesey, , , , , 
Deborah L. Bartlett, , Deborah, L., Bartlett, 
Deborah Lynn Schrier-Rape, , , , , 
Deborah Rose Gerstel, , , , , 
Debra R Schoenberg, , Debra, R, Schoenberg, 
Dennis John Duncan, , , , , 
Dennis Mont Brown, , , , , 
Denton John Wilson, , , , , 
Derek Lee Casey, , , , , 
Derek Ray Rockers, , , , , 
Desiree J. Vance, , Desiree, J., Vance, 
Diana Romanovska, , Diana, , Romanovska, 
Don H Baker III, , Don, H, Baker, III
Donald DePre Lamp, , , , , 
Donald Francis Rocke, , , , , 
Donald K. Lang, , Donald, K., Lang, 
Donald R Shaw, , Donald, R, Shaw, 
Dora Velitchkova Lane, , , , , 
Douglas Merrill Johnson, , , , , 
Dylan Ian Ballard, , , , , 
Earl Lewis Baker, , , , , 
Earl Walker Hollingsworth, , , , , 
Edebeatu Charles Ibekwe, , , , , 
Edgar P Lombera, , Edgar, P, Lombera, 
Edmund Donald Wilson, , , , , 
Edward Collins Thompson, , , , , 
Edward Eligio Vargas, , , , , 
Edward Fielding Clarke, , , , , 
Edward L. Lublin, , Edward, L., Lublin, 
Edward Maurice Cramp, , , , , 
Edward Samson Grenville, , , , , 
Edward Thomas Taylor Jr, , , , , 
Edward Thomas Taylor Jr, , , , , 
Ehson Salaami, , Ehson, , Salaami, 
Eiman Rejali, , Eiman, , Rejali, 
Elisabeth Anne Donovan, , , , , 
Elizabeth B. Richards, , Elizabeth, B., Richards, 
Elizabeth Mary Peck, , , , , 
Elizabeth R. Louis, , Elizabeth, R., Louis, 
Elizabeth Yang, , Elizabeth, , Yang, 
Elliot Silver, , Elliot, , Silver, 
Emerson Wheat, , Emerson, , Wheat, 
Emily J.O. Sullivan, , , , , 
Emma M. Strong, , Emma, M., Strong, 
Enrique Robert Hernandez, , , , , 
Eric Alan Klein, , , , , 
Eric Anthony Welter, , , , , 
Eric Charles Brumfield, , , , , 
Eric Christophe Bellafronto, , , , , 
Eric Eagle Hartmans, , , , , 
Eric John Nelson, , , , , 
Eric John Sinrod, , , , , 
Eric Keith Yaeckel, , , , , 
Eric L Zagar, , Eric, L, Zagar, 
Eric Matthew Stahl, , , , , 
Eric Paul Ganci, , , , , 
Eric Scott Fuller, , , , , 
Eric T McCrath, , Eric, T, McCrath, 
Eric Tsai, , Eric, , Tsai, 
Eric Victor Rowen, , , , , 
Erica F. Berrett, , Erica, F., Berrett, 
Erik Sherwood Schimmelbusch, , , , , 
Erin Elizabeth Rounds, , , , , 
Erin Marie Scharg, , , , , 
Erin Marsteller Hawthornthwaite, , , , , 
Ernest Harvey Short, , , , , 
Eugene Irwin Robinson, , , , , 
Evan M. Jones, , Evan, M., Jones, 
Evan Scott Braunstein, , , , , 
Evelyn Quach Barnes, , , , , 
Famid R. Sinha, , Famid, R., Sinha, 
Fanny Cherng, , Fanny, , Cherng, 
Floyd David Froman, , , , , 
Fran Joyce Mulnick, , , , , 
Francesco Penati, , Francesco, , Penati, 
Frank James Polek, , , , , 
Frank Maurice Rau, , , , , 
Fred Harvey Smith, , , , , 
Fred R. Puglisi, , Fred, R., Puglisi, 
Frederic Charles Weiss, , , , , 
Frederic Joseph Adam, , , , , 
Fredric Hannan Goldstein, , , , , 
Fredric W. Ansis, , Fredric, W., Ansis, 
G Bruce Spence, , , , , 
Gabriela Kovensky, , Gabriela, , Kovensky, 
Garin Dane Clyma, , , , , 
Gary Bryan Parrish, , , , , 
Gary Curtis Moss, , , , , 
Gary Morgan James, , , , , 
Gaston James Rauch, , , , , 
Gene M Kaufmann, , Gene, M, Kaufmann, 
Geoffrey David Ferrer, , , , , 
George A. Hooper, , George, A., Hooper, 
George A. Thornton, , George, A., Thornton, 
George Edward Robinson, , , , , 
George Stephen Azadian, , , , , 
Gerardo Hernandez, , Gerardo, , Hernandez, 
Gerianne Jordan Sands, , , , , 
Gladys Velasquez Gervacio, , , , , 
Glicel E Sumagaysay, , Glicel, E, Sumagaysay, 
Gordon Thompson, , Gordon, , Thompson, 
Gordon Thompson Jr, , Gordon, , Thompson, Jr
Grace Hyeju Shim, , , , , 
Graham R. Nicastro, , Graham, R., Nicastro, 
Gregory Anthony Zitani, , , , , 
Gregory Brian Moore, , , , , 
Gregory Charles Schick, , , , , 
Gregory Mark James, , , , , 
Gregory Scott Bonner, , , , , 
Gregory Wallace Reaume, , , , , 
Guy C. Moore, , Guy, C., Moore, 
Guy K. Brown, , Guy, K., Brown, 
Halbert A. Smith, , Halbert, A., Smith, 
Hardeep Singh Rai, , , , , 
Harold Hayes Henderson, , , , , 
Harvey Lewis Leiderman, , , , , 
Heather Ashley Peterson, , , , , 
Heather Cox Brookfield, , , , , 
Hector C. Perez, , Hector, C., Perez, 
Heidi Richert Clerc, , , , , 
Henrik Sardarbegian, , Henrik, , Sardarbegian, 
Henry Allen Massey, , , , , 
Henry Wilson Lockhart, , , , , 
Herbert Newton Ellis, , , , , 
Howard Chaim Rosenblatt, , , , , 
Howard D Geneslaw, , Howard, D, Geneslaw, 
Howard Dexter Hamilton Jr, , , , , 
Howard Eugene Owens, , , , , 
Howard K Alperin, , Howard, K, Alperin, 
Howard Steven Glazer, , , , , 
Ildiko Duckor, , Ildiko, , Duckor, 
Iman Jaffrey, , Iman, , Jaffrey, 
Ingrid Loreen Rechtin, , , , , 
Inna S Demin, , Inna, S, Demin, 
Ivy K. Paek, , Ivy, K., Paek, 
Jack F. Blair, , Jack, F., Blair, 
Jack J Moore, , Jack, J, Moore, 
Jacob Allen Walker, , , , , 
Jacob Haus Wolman, , , , , 
James Alan Huizinga, , , , , 
James B. Robertson, , James, B., Robertson, 
James Bradley Klepper, , , , , 
James Bruce Robertson, , , , , 
James Charles Kitch, , , , , 
James Edward Marshall, , , , , 
James Francis Bass, , James, , Francis, Bass
James Franklin Morrow, , , , , 
James Grogan Ray, , , , , 
James Lepadat, , James, , Lepadat, 
James Lester Price, , , , , 
James Michael Burgess, , , , , 
James Michael Love, , , , , 
James Michael Miller, , , , , 
James Osborn Ball, , , , , 
James Patrick Casey, , , , , 
James Patrick Schaefer, , , , , 
James R Daneri, , James, R, Daneri, 
James R. Choate, , James, R., Choate, 
James Richard Yandle, , , , , 
James Robert Elder, , , , , 
James Ronald Ling, , , , , 
James Russel Eskilson, , , , , 
James Russell Stout, , , , , 
James Rylee Deen, , , , , 
James S McGinnis, , James, S, McGinnis, 
James Theodore Lamb, , , , , 
James Wattson McClure, , , , , 
James Young Pak, , , , , 
Jamie Heather Levatino, , , , , 
Jamil Francisco Karwash, , , , , 
Janathan Lea Allen, , , , , 
Janelle Smith, , Janelle, , Smith, 
Janet Audrey Lawson, , , , , 
Janet Leslie Cullum, , , , , 
Janet Lynn Grumer, , , , , 
Jared L Bryan, , Jared, L, Bryan, 
Jared Lackman, , Jared, , Lackman, 
Jason Cheam, , Jason, , Cheam, 
Jason E. Murtagh, , Jason, E., Murtagh, 
Jason Eric Trumpler, , , , , 
Jason R. Ekk, , Jason, R., Ekk, 
Jay Leslie Cooper, , , , , 
Jayne Marsh Gilbert, , , , , 
Jeanne M. Schuman, , Jeanne, M., Schuman, 
Jeannine Yoo Sano, , , , , 
Jed Patrick White, , , , , 
Jeffrey Blake Simon, , , , , 
Jeffrey Bruce Jones, , , , , 
Jeffrey Daniel Holloway, , , , , 
Jeffrey Ian Rodgers, , , , , 
Jeffrey J. Twomey, , Jeffrey, J., Twomey, 
Jeffrey John Parker, , , , , 
Jeffrey Leacox, , Jeffrey, , Leacox, 
Jeffrey Scott Raskin, , , , , 
Jenna Heather Leyton-Jones, , , , , 
Jenna Rae Avila, , , , , 
Jennifer Briggs Fisher, , , , , 
Jennifer Catherine Coates, , , , , 
Jennifer Corston Hagle, , , , , 
Jennifer Diane Hoskins, , , , , 
Jennifer Grace Redmond, , , , , 
Jennifer Holda McNary, , , , , 
Jennifer L Spragins Harris, , , , , 
Jennifer Lee Byers-Lawton, , , , , 
Jennifer Lee Ellingson, , , , , 
Jennifer Lorraine Brockett, , , , , 
Jennifer Lynn Pruski, , , , , 
Jennifer Lynn Simon, , , , , 
Jennifer Nicole Lamirand, , , , , 
Jeremy Neil Goldman, , , , , 
Jerome Curran Pandell, , , , , 
Jerome Taft Benson, , , , , 
Jewels Juhee Jin, , , , , 
Jihad M Smaili, , Jihad, M, Smaili, 
Jill R. Skinner, , Jill, R., Skinner, 
Jillian Christine Kinsey, , , , , 
Jimmy Nguyen, , Jimmy, , Nguyen, 
Jimmy Vu Nguyen, , , , , 
Joan Kupersmith Larkin, , , , , 
Joanna D Frazier, , Joanna, D, Frazier, 
Jodi Erwin Lopez, , , , , 
Jodi Knobel Feuerhelm, , , , , 
Joe Anthony Amaro, , , , , 
Joel A. Stein, , Joel, A., Stein, 
Joel R Scott, , Joel, R, Scott, 
Joel Scott, , Joel, , Scott, 
John Albert Graham, , , , , 
John Archibald Montgomery, , , , , 
John Arthur Finley, , , , , 
John B. McPherson, , John, B., McPherson, 
John Benedict Wyss, , , , , 
John Benjamin Ekenes, , , , , 
John Carleton Butler, , , , , 
John Chadwick Weaver, , , , , 
John Cooper Green, , , , , 
John Cooper Green, , , , , 
John D Hafner, , John, D, Hafner, 
John David Collins, , , , , 
John David Fairbrook, , , , , 
John David Tishler, , , , , 
John F Medler Jr, , John, F, Medler, Jr
John Flam, , John, , Flam, 
John Frank Sawyer, , , , , 
John Franklyn Watkins, , , , , 
John Frederic Kuenstler, , , , , 
John Gregory Baker, , , , , 
John H. Guin, , John, H., Guin, 
John J. Choi, , John, J., Choi, 
John J. Leonti, , John, J., Leonti, 
John James Hentrich, , , , , 
John Jay Cassingham, , , , , 
John Jeral Sabl, , , , , 
John Joseph Foley, , , , , 
John Kenneth Lilly, , , , , 
John M Rubens, , John, M, Rubens, 
John Matthew Rubens, , , , , 
John Michael Haggerty, , , , , 
John Michael McCormick Jr, , , , , 
John N. Cramer, , John, N., Cramer, 
John Oliver Green, , , , , 
John Patrick Shook, , , , , 
John Richard Liebman, , , , , 
John S. McPherson, , John, S., McPherson, 
John Stevens Rossiter Jr, , , , , 
John Stuart Orman, , , , , 
John Warren Montgomery, , , , , 
John Weaver Anderson, , , , , 
John Wiley Branch, , , , , 
John William Everett, , , , , 
John William Larson, , , , , 
Jon Paul Webster, , , , , 
Jon Warren Newby, , , , , 
Jonathan Frederick Bank, , , , , 
Jonathan Holden Frank, , , , , 
Jordan Elizabeth Ondatje, , , , , 
Jordan Eric Hamburger, , , , , 
Jose A. Mendoza, , Jose, A., Mendoza, 
Joseph Adam Goldstein, , , , , 
Joseph Allen Drazek, , , , , 
Joseph Ambrose McCormick, , , , , 
Joseph Daniel Supple, , , , , 
Joseph Eugene Mais, , , , , 
Joseph Eugene Petrillo, , , , , 
Joseph Forrest Larmour, , , , , 
Joseph R Wilbert, , Joseph, R, Wilbert, 
Joseph R. Casey, , Joseph, R., Casey, 
Joseph Raegen Talbot, , , , , 
Joseph Robert ThurdeKoos, , , , , 
Josh Newton, , Josh, , Newton, 
Joshua Gordon Graubart, , , , , 
Joshua Richard Buhler, , , , , 
Joshua Yee, , Joshua, , Yee, 
Juan Leonel Alvarez, , , , , 
Judith Ann Kaluzny, , , , , 
Julia Kathleen Quinn, , , , , 
Justin C Lowenthal, , Justin, C, Lowenthal, 
Kamand Kompanian, , Kamand, , Kompanian, 
Kamyar Dariush Daneshvar, , , , , 
Kandace Alys Rayos, , , , , 
Karen Ann Henry, , , , , 
Katharine Elizabeth Allen, , , , , 
Katherine Marie Curtis, , , , , 
Katherine R. MacFarlane, , Katherine, R., MacFarlane, 
Kathleen Cahill Slaught, , , , , 
Keith Sargent Knochel, , , , , 
Keith Sherwood Swift, , , , , 
Kelly Anne Styger, , , , , 
Kelly Shepherd Logue, , , , , 
Kelsey Rinehart Eberly, , , , , 
Kenneth John Roberts, , , , , 
Kenneth R McDaniel, , Kenneth, R, McDaniel, 
Kenneth William Brown, , , , , 
Kent Michael Roger, , , , , 
Kerry Shapiro, , Kerry, , Shapiro, 
Kevan P McLaughlin, , Kevan, P, McLaughlin, 
Kevin Arthur Hill, , , , , 
Kevin Avi Goldberg, , , , , 
Kevin Douglas Miller, , , , , 
Kevin Joseph Lombardo, , , , , 
Kevin Kreg Forrester, , , , , 
Kevin L. Adams, , Kevin, L., Adams, 
Kevin Lara, , Kevin, , Lara, 
Kevin Lewis Hill, , , , , 
Kevin McConnell, , Kevin, , McConnell, 
Kevin Michael Pierce, , , , , 
Kevin Michael Rivera, , , , , 
Kevin Philip Walker, , , , , 
Kevin Spencer White, , , , , 
Khushpreet R Mehton, , Khushpreet, R, Mehton, 
Kim Marie Watterson, , , , , 
Kinnery Patel, , Kinnery, , Patel, 
Kristen Meredith Tuey, , , , , 
Kristen Michelle Bush, , , , , 
Kristin Marie Garcia, , , , , 
Kristopher Adam Hollands, , , , , 
Kurt Charles Peterson, , , , , 
Kyle Robert Adamson, , , , , 
Lance Randall Griffin, , , , , 
Lane ODell Krieger, , , , , 
Lara S. Anthony, , Lara, S., Anthony, 
Larry Ball, , Larry, , Ball, 
Larry David Stewart, , , , , 
Larry L. Fries, , Larry, L., Fries, 
Larry Lynn Stewart, , , , , 
Laura Lumikki Hummasti, , , , , 
Lauren Gail Kane, , , , , 
Lauren Therese Corman, , , , , 
Laurie Michelle Cross, , , , , 
Laverne G. Woods, , Laverne, G., Woods, 
Lawrence Anthony Ward, , , , , 
Lawrence Bruce Burke, , , , , 
Lawrence Michael Braun, , , , , 
Layn Raymond Phillips, , , , , 
Lee Hart Bals, , , , , 
Leif Harrison Kleven, , , , , 
Leo J. Murphy Jr, , Leo, J., Murphy, Jr
Leslie Ann Kaye, , , , , 
Leslie Annetta Tos, , , , , 
Leslie Ragon Caldwell, , , , , 
Leslie Virginia Cancel, , , , , 
Leslie Zieren, , Leslie, , Zieren, 
Leticia Ramirez, , Leticia, , Ramirez, 
Levi Armlovich, , Levi, , Armlovich, 
Lewis B. Randall, , Lewis, B., Randall, 
Liam Robert Duffy, , , , , 
Liliana Garcia, , Liliana, , Garcia, 
Linda Eddleman, , Linda, , Eddleman, 
Lisa Carol Thompson, , , , , 
Lisa Margaret Howard, , , , , 
Lisa Spiegel, , Lisa, , Spiegel, 
Livia Borak Beaudin, , , , , 
Lloyd Donald Huelson, , , , , 
Loren Mark Osher, , , , , 
Lorenzo Emilio Gasparetti, , , , , 
Lorna Elaine McDill, , , , , 
Lorraine Ann Lopez, , , , , 
Louise Aron, , Louise, , Aron, 
Lowell J. Howe, , Lowell, J., Howe, 
Maija Pelly, , Maija, , Pelly, 
Malcolm Ruthven, , Malcolm, , Ruthven, 
Mansfield Collins, , Mansfield, , Collins, 
Marc A. Carpenter, , Marc, A., Carpenter, 
Marc Aaron Fuller, , , , , 
Marc Aaron Goldbach, , , , , 
Marc Aaron Liverant, , , , , 
Marc E Grossberg, , Marc, E, Grossberg, 
Marc R Currie, , Marc, R, Currie, 
Margaret Linda Cohen, , , , , 
Maria Minodora Ciurea, , , , , 
Mariam E. Hanna, , Mariam, E., Hanna, 
Marianne M. Malek, , Marianne, M., Malek, 
Maricel Mojares-Moore, , Maricel, , Mojares-Moore, 
Marilyn Ann Moberg, , , , , 
Marilyn Palumbo, , Marilyn, , Palumbo, 
Marion Elizabeth Mulcahy, , , , , 
Marjorie Lynn Esterow, , , , , 
Marjorie S Fochtman, , Marjorie, S, Fochtman, 
Mark Alan Funaki, , , , , 
Mark Allen Graves, , , , , 
Mark David Robertson, , , , , 
Mark E. Wilson, , Mark, E., Wilson, 
Mark Edmonde Haddad, , , , , 
Mark Edward McKane, , , , , 
Mark Eldon Farrar, , , , , 
Mark Elsas Miller, , , , , 
Mark Forest Underwood, , , , , 
Mark Joel Lydell, , , , , 
Mark Joseph Serino, , , , , 
Mark Lewis Walters, , , , , 
Mark Norman Shebby, , , , , 
Mark Parker Robinson, , , , , 
Mark Rubashkin, , Mark, , Rubashkin, 
Mark Stephen Jennings, , , , , 
Mark Wayne Dundee, , , , , 
Mark Wayne Robertson, , , , , 
Mark Windfeld-Hansen, , Mark, , Windfeld-Hansen, 
Marlene Stephanie Muraco, , , , , 
Martha J Keon, , Martha, J, Keon, 
Martin Christopher Jones, , , , , 
Martin Jay Kaufman, , , , , 
Martin N Lijtmaer, , Martin, N, Lijtmaer, 
Martin Ray Gabrielson, , , , , 
Mary Elizabeth Nelson, , , , , 
Mary Terterov, , Mary, , Terterov, 
Matthew Andrew Stevens, , , , , 
Matthew C. Hunsaker, , Matthew, C., Hunsaker, 
Matthew Charles Kane, , , , , 
Matthew D Roy, , Matthew, D, Roy, 
Matthew Erik Gomez, , , , , 
Matthew Frederic Swanlund, , , , , 
Matthew Gilmore Bibbens, , , , , 
Matthew James Apostle, , , , , 
Matthew Martin Sonne, , , , , 
Matthew Michael McElroy, , , , , 
Matthew Paul Vafidis, , , , , 
Matthew Peter Bunting, , , , , 
Matthew Scott Disbrow, , , , , 
Matthew Scott McConnell, , , , , 
Matthew Stevan Luzaich, , , , , 
Max W J Graham Jr, , Max, W J, Graham, Jr
Maxwell A. Hills, , Maxwell, A., Hills, 
Mayra G. Duque, , Mayra, G., Duque, 
Meagan Ashlyn Silva, , , , , 
Megan Carter, , Megan, , Carter, 
Megan Denise DeHerrera, , , , , 
Megan K. Dutra, , Megan, K., Dutra, 
Megan Nicole Bowker, , , , , 
Melanie Jane Gnazzo, , , , , 
Melissa Etoile Chichportich, , , , , 
Melissa Middleton Sgroi, , , , , 
Melissa Misao Kurata, , , , , 
Merrisa Leigh Coleman-Bishop, , , , , 
Micah Jon Miller, , , , , 
Michael A. Okaty, , Michael, A., Okaty, 
Michael Aaron Mugmon, , , , , 
Michael Allan Fagan, , , , , 
Michael Anthony Clark, , , , , 
Michael Avanesian, , Michael, , Avanesian, 
Michael B. Dorff, , Michael, B., Dorff, 
Michael Christopher Jones, , , , , 
Michael Connery Fallon, , , , , 
Michael David Blevins, , , , , 
Michael David McDaniel, , , , , 
Michael Douglas Angiulo, , , , , 
Michael Douglas Simpson, , , , , 
Michael Ellis Gerst, , , , , 
Michael Erwin Tenta, , , , , 
Michael Eugene Blue, , , , , 
Michael Franklin Rinzler, , , , , 
Michael George Ermer, , , , , 
Michael George Thomas, , , , , 
Michael Jay Berger, , , , , 
Michael Jeffery Fannon, , , , , 
Michael John Burns, , , , , 
Michael Jonathan Wise, , , , , 
Michael Joseph Porrazzo, , , , , 
Michael Kevin Brown, , , , , 
Michael P Pagnozzi, , Michael, P, Pagnozzi, 
Michael Raymond Coulter, , , , , 
Michael Richard Fehner, , , , , 
Michael Robert Rizzo, , , , , 
Michael Robert Tollini, , , , , 
Michael S. Greenberg, , Michael, S., Greenberg, 
Michael Sabin Acker, , , , , 
Michael Spence Richardson, , , , , 
Michael Stanley Young, , , , , 
Michael Torrens McKeeman, , , , , 
Michael Weitz, , Michael, , Weitz, 
Michel Yves Horton, , , , , 
Michele Fuller Lyerly, , , , , 
Michelle A. Becker, , Michelle, A., Becker, 
Michelle Denise Kahn, , , , , 
Michelle J Johansson, , Michelle, J, Johansson, 
Michelle Jean Becker, , , , , 
Michelle Lynne Banonis, , , , , 
Michelle Marie Errecart, , , , , 
Mindy Lea Thompson, , , , , 
Molly Louise Zohn, , , , , 
Monica Quynh Vu, , , , , 
Morgan Patricia Forsey, , , , , 
Movses Shakarian, , Movses, , Shakarian, 
Naeun Rim, , Naeun, , Rim, 
Nathan D Wirtschafter, , Nathan, D, Wirtschafter, 
Nathan L Young, , Nathan, L, Young, 
Navin Jani, , Navin, , Jani, 
Nazanin Ghazi, , Nazanin, , Ghazi, 
Neal G. Latt, , Neal, G., Latt, 
Neal Kenneth Tabachnick, , , , , 
Neil Arthur Smith, , , , , 
Neil Martin Alexander, , , , , 
Nicholas Braden Pate, , , , , 
Nicholas Charles Dean, , , , , 
Nicholas John Neidzwski, , , , , 
Nicholas W. Yang, , Nicholas, W., Yang, 
Nicole Kathryn Habl, , , , , 
Nicole L. Ebarb, , Nicole, L., Ebarb, 
Niki Fang, , Niki, , Fang, 
Nina Diana Boyajian, , , , , 
Nisha Antony, , Nisha, , Antony, 
Noah Austin Brumfield, , , , , 
Noah Baker Long, , , , , 
Nobuki Takeuchi, , Nobuki, , Takeuchi, 
Olga A. Koplik, , Olga, A., Koplik, 
Olga Zalomiy, , Olga, , Zalomiy, 
P. Bruce Converse, , , , , 
Parker Andrew Smith, , , , , 
Patricia Angel Medina, , , , , 
Patricia DeSantis Belton, , , , , 
Patricia H Jun, , Patricia, H, Jun, 
Patricia Pichon Hollenbeck, , , , , 
Patricia Susan Murphy-Glasser, , , , , 
Patrick Lynch, , Patrick, , Lynch, 
Patrick Melvin Thompson, , , , , 
Patrick Michael Kelly, , , , , 
Patrick T. Burns, , Patrick, T., Burns, 
Patrick Thomas Freeman, , , , , 
Paul Christophe McCoy, , , , , 
Paul Frederic Donsbach, , , , , 
Paul Frederick Geerlings, , , , , 
Paul J Molinaro, , Paul, J, Molinaro, 
Paul Joseph Killion, , , , , 
Paul M. Hummer, , Paul, M., Hummer, 
Paul Metchik, , Paul, , Metchik, 
Paul Michael Ostroff, , , , , 
Paul Michael Tyson, , , , , 
Paul R Steinman, , Paul, R, Steinman, 
Paul Stuart Burns, , , , , 
Paul William Thomas, , , , , 
Paula Lee Lehmann, , , , , 
Paulette Inez Gray, , , , , 
Pearl Geronimo Myers, , , , , 
Perry Patrick Poff, , , , , 
Peter Buscemi, , Peter, , Buscemi, 
Peter John Barrett, , , , , 
Peter Raphael Cohen, , , , , 
Peter Roman Vogel, , , , , 
Peter Tilford Newhouse, , , , , 
Peter William Martinez, , , , , 
Phil D Foster, , Phil, D, Foster, 
Philip Carroll, , Philip, , Carroll, 
Philip Dennis Abramowitz, , , , , 
Philip Ivan Kruger, , , , , 
Philip Richard Matthews, , , , , 
Philip Scott Heller, , , , , 
Pratik H. Shah, , Pratik, H., Shah, 
Rabeh M A Soofi, , Rabeh, M A, Soofi, 
Rachel Wilson, , Rachel, , Wilson, 
Rachelle B. Chong, , Rachelle, B., Chong, 
Rafael Ivan Hernandez, , , , , 
Randall Alan Spencer, , , , , 
Randall Lee Allen, , , , , 
Randall Lee Rubin, , , , , 
Randolph N Mohr, , Randolph, N, Mohr, 
Randolph Ted Apple, , , , , 
Randy M. Wagner, , Randy, M., Wagner, 
Raquel Arreola Hatfield, , , , , 
Raymond Michael Williams, , , , , 
Rebecca Anne Maher-Quinn, , , , , 
Rebecca Ashley Hause-Schultz, , , , , 
Rebecca Charlene McCracken, , , , , 
Rebecca Dean, , Rebecca, , Dean, 
Remona Kay Colson, , , , , 
Renee Winthrop Banks, , , , , 
Richard Anderson Watts, , , , , 
Richard Arthur McDonald, , , , , 
Richard Blair Goetz, , , , , 
Richard Bruce Oliver, , , , , 
Richard Burk Lapp, , , , , 
Richard Frank Britschgi, , , , , 
Richard George Parker, , , , , 
Richard Howard Collins, , , , , 
Richard Huntley Foster, , , , , 
Richard J Gilman, , Richard, J, Gilman, 
Richard Joseph Ney, , , , , 
Richard Lee Kintz, , , , , 
Richard Myron Glick, , , , , 
Richard S. Segerblom, , Richard, S., Segerblom, 
Richard Scott Grant, , , , , 
Richard Stephens Odom, , , , , 
Richard Travers Paynter, , , , , 
Robert Alan Darwell, , , , , 
Robert Alan Siegel, , , , , 
Robert Alan Swanson, , , , , 
Robert Alexander Kincaid, , , , , 
Robert Allen Fisher, , , , , 
Robert Allen Koenig, , , , , 
Robert Bruce Beyers, , , , , 
Robert Charles Swanson, , , , , 
Robert Clarence White, , , , , 
Robert Cleary Bradley, , , , , 
Robert Clifton Smith, , , , , 
Robert Daniel Fram, , , , , 
Robert David Jackson, , , , , 
Robert Donald Swanson, , , , , 
Robert Douglas Kellogg, , , , , 
Robert Duwayne White, , , , , 
Robert Dwain Jones, , , , , 
Robert Edwin Mangels, , , , , 
Robert Emerson Williams, , , , , 
Robert Eugene Sims, , , , , 
Robert Gein Pickering, , , , , 
Robert Gerard Lancaster, , , , , 
Robert Hamilton Rennick, , , , , 
Robert Harris Jackson, , , , , 
Robert Houston Williams, , , , , 
Robert James Anderson, , , , , 
Robert John Spitz, , , , , 
Robert Joseph Wiley, , , , , 
Robert Lee Jones, , , , , 
Robert Louis Aldisert, , , , , 
Robert R. Calo, , Robert, R., Calo, 
Robert Roland Thompson, , , , , 
Robert Stanley Norman, , , , , 
Robert Wesley Giles, , , , , 
Roberta Katz Aronson, , , , , 
Roberta R.W. Kameda, , , , , 
Robin Mashal, , Robin, , Mashal, 
Robin S Gray, , Robin, S, Gray, 
Robin Stanley Freeman, , , , , 
Rochelle Dee Alpert, , , , , 
Roeuth Sam, , Roeuth, , Sam, 
Roger Carl Glienke, , , , , 
Roger F. Cox, , Roger, F., Cox, 
Roger John Traynor, , , , , 
Roger Lowell Scott, , , , , 
Ronald A. Cabanayan, , Ronald, A., Cabanayan, 
Ronald Jay Drescher, , , , , 
Ronald John Lockley, , , , , 
Ronald Law Walker, , , , , 
Ronald M. Walker, , Ronald, M., Walker, 
Ruby Sandhu Neumann, , , , , 
Rudy Saliba Salo, , , , , 
Ryan Gabriel Adams, , , , , 
Ryan Hall Gomez, , , , , 
Ryan Jack Clarkson, , , , , 
Ryan M Roberts, , Ryan, M, Roberts, 
Ryan Matthew Newburn, , , , , 
Ryan Matthew Probasco, , , , , 
Ryan T. Almstead, , Ryan, T., Almstead, 
S Paul Sassalos, , , , , 
Salomon Quintero, , Salomon, , Quintero, 
Sam K. Yee, , Sam, K., Yee, 
Sam L. Stone, , Sam, L., Stone, 
Samantha Hart Farren, , , , , 
Samantha Michelle Swanson, , , , , 
Samantha Newland Hoffman, , , , , 
Samir Elamrani, , Samir, , Elamrani, 
Samuel J Stone, , Samuel, J, Stone, 
Samuel Jacob Edwards, , , , , 
Samuel Ray Miller, , , , , 
Sandra A. Jeskie, , Sandra, A., Jeskie, 
Sandra L Larson, , Sandra, L, Larson, 
Sandra Louise Willis, , , , , 
Sandy Saldivar Garcia, , , , , 
Sara Alison Koehring, , , , , 
Sarah Beth Angel, , , , , 
Sarah H. Fielding, , Sarah, H., Fielding, 
Sarah Morgan Dickinson, , , , , 
Sarwinder Singh Dhanjan, , , , , 
Scot Duncan Tucker, , , , , 
Scott Cameron Burns, , , , , 
Scott Daniel Karchmer, , , , , 
Scott David Lester, , , , , 
Scott Douglas MacLatchie, , , , , 
Scott Huntley Rhodes, , , , , 
Scott K. Harris, , Scott, K., Harris, 
Scott L. Graham, , Scott, L., Graham, 
Scott Lee Stonehocker, , , , , 
Scott Logan Cunningham, , , , , 
Scott Nunneley Cunningham, , , , , 
Scott William Oborne, , , , , 
Sean Creighton Fifield, , , , , 
Sean David Ramsey, , , , , 
Sean Tyler McAllister, , , , , 
Sean-Patrick Wilson, , Sean-Patrick, , Wilson, 
Serajul F Ali, , Serajul, F, Ali, 
Seth Edward Blackmon, , , , , 
Shalem Shem-Tov, , Shalem, , Shem-Tov, 
Sharon Diane Armstrong, , , , , 
Shaun Leigh Quinlan, , , , , 
Shayne L. Brown, , Shayne, L., Brown, 
Sheila Fox Morrison, , , , , 
Sheldon Jay Tashman, , , , , 
Shelly A Youree, , Shelly, A, Youree, 
Shemin Varinnia Proctor, , , , , 
Sheri Lynn Bonstelle, , , , , 
Sherine M Pahlavan, , Sherine, M, Pahlavan, 
Sidney Kinji Kanazawa, , , , , 
Sofya Abrams, , Sofya, , Abrams, 
Sonali Shah Jindal, , , , , 
Soraya T Aguirre, , Soraya, T, Aguirre, 
Sotera LeJoy Anderson, , , , , 
Spencer Douglas Sinclair, , , , , 
Stefan Prentiss Smith, , , , , 
Stefano Quintini, , Stefano, , Quintini, 
Stephanie Anne Mazzoncini, , , , , 
Stephanie K. Matsumura, , Stephanie, K., Matsumura, 
Stephen Bernard, , Stephen, , Bernard, 
Stephen Charles Stratton, , , , , 
Stephen Ciotoli, , Stephen, , Ciotoli, 
Stephen Edward Sibbach, , , , , 
Stephen Everett Leach, , , , , 
Stephen Howard Roos, , , , , 
Stephen Jeffrey Burdick, , , , , 
Stephen Richard Lasala, , , , , 
Steve David Sitkoff, , , , , 
Steven Eric Rindner, , , , , 
Steven Novick, , Steven, , Novick, 
Steven Robert Kampf, , , , , 
Steven Roy Evans, , , , , 
Steven T Flowers, , Steven, T, Flowers, 
Steven Yale Orcutt, , , , , 
Susan Ann Capello, , , , , 
Susan Colleen Alker, , , , , 
Suzanna Pacht Brickman, , , , , 
Suzannah Kari Sundby, , , , , 
Suzanne Marelius, , Suzanne, , Marelius, 
Suzanne Milchan Best, , , , , 
Talya Goldfinger, , Talya, , Goldfinger, 
Tanya Kim Harris, , , , , 
Terrance James Evans, , , , , 
Terry Gross, , Terry, , Gross, 
Thao Hao-Nhien Ngo, , , , , 
Theodore Anthony Cohen, , , , , 
Theodore Jason Weiss, , , , , 
Thomas Christopher Harris, , , , , 
Thomas Desmond Collins II, , , , , 
Thomas Eric Marrs, , , , , 
Thomas J. Clarke, , Thomas, J., Clarke, 
Thomas Lane Becket, , , , , 
Thomas Lee Allen, , , , , 
Thomas Matthew Lorek, , , , , 
Thomas Nelson Baker, , , , , 
Thomas Reynolds, , Thomas, , Reynolds, 
Thomas Stanley Tucker, , , , , 
Tiffany Michelle Entsminger, , , , , 
Tiffany Susan Fordyce, , , , , 
Tim Barratt Henderson, , , , , 
Timothy Alan Straus, , , , , 
Timothy David Hummel, , , , , 
Timothy Donald Rhodes, , , , , 
Timothy Joseph Barron, , , , , 
Timothy Justin Franks, , , , , 
Timothy Mark Fisher, , , , , 
Tina Sany, , Tina, , Sany, 
Todd Greggory Amdor, , , , , 
Todd Lawrence Nunn, , , , , 
Tony Morgan May, , , , , 
Tracey Adano Kennedy, , , , , 
Traci Maxine Tait, , , , , 
Tracy Elizabeth Miller, , , , , 
Travis K. Siegel, , Travis, K., Siegel, 
Trenton Ross Kashima, , , , , 
Trevor John Herrera, , , , , 
Tuneen Elease Chisolm, , , , , 
Valerie Lynn Baker, , , , , 
Vanessa Elizabeth Gomez, , , , , 
Vanessa Sanchez, , Vanessa, , Sanchez, 
Victor Hsu, , Victor, , Hsu, 
Vincent James DeSimone, , , , , 
Viviano Esteban Aguilar, , , , , 
Wade C. Orbelian, , Wade, C., Orbelian, 
Walter B Lebowitz, , Walter, B, Lebowitz, 
Wayne H Simpson, , Wayne, H, Simpson, 
Wendy Ellen Ormond, , , , , 
Whitney Sue Beard, , , , , 
Willard Mountain Sinclair, , , , , 
William Allen Brett, , , , , 
William Benjamin Tate II, , , , , 
William Bryce Killen, , , , , 
William C Hobbs, , William, C, Hobbs, 
William E James, , William, E, James, 
William E. Bartley, , William, E., Bartley, 
William E. Bock, , William, E., Bock, 
William Earl Ford, , , , , 
William Edward Simpson, , , , , 
William F Merlin, , William, F, Merlin, 
William Francis Rinehart, , , , , 
William George McMahon, , , , , 
William Granville James, , , , , 
William Henry Falor, , , , , 
William J. Adams, , William, J., Adams, 
William James Dritsas, , , , , 
William John Campbell, , , , , 
William John Connell, , , , , 
William John Hooy, , , , , 
William Joseph Porter, , , , , 
William LaVerne Haynes, , , , , 
William Mayer Katz Jr., , , , , 
William Nelson Gentry, , , , , 
William Norman Lobel, , , , , 
William O Angelley, , William, O, Angelley, 
William Patrick Cronican, , , , , 
William Patrick Wade, , , , , 
William Ralph Rosner, , , , , 
William Richard Meyer, , , , , 
William Turner Kump, , , , , 
Winslow F. West, , Winslow, F., West, 
Woodrow Stevens Wilson, , , , , 
Yael Lustmann, , Yael, , Lustmann, 
Yasha Bronshteyn, , Yasha, , Bronshteyn, 
Yueting Liang, , Yueting, , Liang, 
Zachary Watson Thomas, , , , , 
Zaher Fallahi, , Zaher, , Fallahi, 